あっ,work/speech/1439357983591.mp3
愛,work/speech/1439357985299.mp3
挨拶,work/speech/1439357986690.mp3
愛情,work/speech/1439357987858.mp3
合図,work/speech/1439357988933.mp3
アイスクリーム,work/speech/1439357989950.mp3
愛する,work/speech/1439357992062.mp3
相手,work/speech/1439357993136.mp3
あいにく,work/speech/1439357994242.mp3
アイロン,work/speech/1439357995277.mp3
アウト,work/speech/1439358650109.mp3
明かり,work/speech/1439358651501.mp3
空き,work/speech/1439358652629.mp3
明らか,work/speech/1439358653695.mp3
諦める,work/speech/1439358654763.mp3
飽きる,work/speech/1439358655956.mp3
握手,work/speech/1439358657447.mp3
悪魔,work/speech/1439358658582.mp3
明ける,work/speech/1439358659654.mp3
明日,work/speech/1439358661198.mp3
